<?xml version="1.0" encoding="UTF-8" ?>
<!DOCTYPE html>
<html b:css='false' b:defaultwidgetversion='2' b:js='true' b:layoutsVersion='3' b:responsive='true' expr:dir='data:blog.languageDirection' expr:lang='data:blog.locale' xmlns='http://www.w3.org/1999/xhtml' xmlns:b='http://www.google.com/2005/gml/b' xmlns:data='http://www.google.com/2005/gml/data' xmlns:expr='http://www.google.com/2005/gml/expr'>
  <head>

	<script src='https://cdn.tailwindcss.com?plugins=forms,typography,aspect-ratio,line-clamp'/>
    <script>/*<![CDATA[*/
    tailwind.config = {
      darkMode: 'class',
      theme: {
        extend: {
          colors: {accent: '#451184',},
        }
      }
    }
  /*]]>*/</script>

    <!-- Primary Meta Tags -->
    <title>
      <b:if cond='data:view.isHomepage'><data:view.title.escaped/>
      <b:elseif cond='data:view.isPost'/><data:view.title.escaped/>
      <b:elseif cond='data:view.isPage'/><data:view.title.escaped/>
      <b:elseif cond='data:view.isLabelSearch'/><data:blog.pageName/>
      <b:elseif cond='data:view.isArchive'/><data:blog.pageName/>
      <b:elseif cond='data:blog.searchQuery'/><data:blog.pageName/>
      <b:elseif cond='data:view.isError'/>404 Not Fund
      </b:if>
    </title>
    
	<!-- Meta Description -->
	<meta expr:content='data:view.title.escaped + &quot; Read Manga Online All Chapters For free&quot;' name='title'/>
    <b:if cond='data:view.isHomepage'>
      <meta expr:content='data:blog.metaDescription' name='description'/>
      <b:else/>
      <meta expr:content='&quot;Read &quot; + data:view.title.escaped + &quot; all chapters, the latest available. READ NOW! &quot; + data:blog.metaDescription' name='description'/>
    </b:if>
    
	<!-- Open Graph / Facebook -->
	<meta content='website' property='og:type'/>
	<meta expr:content='data:view.url.canonical' property='og:url'/>
	<meta expr:content='data:view.title' property='og:title'/>
    <meta expr:content='data:view.description.escaped' property='og:description'/>
    <b:if cond='data:widgets'>
	<b:loop values='data:widgets.Blog.first.posts where (p =&gt; p.featuredImage) map (p =&gt; p.featuredImage)' var='imageUrl'>
	<meta expr:content='resizeImage(data:imageUrl,1200,&quot;1200:630&quot;)' property='og:image'/>
   	</b:loop>
	</b:if>
    
	<!-- Twitter -->
	<meta content='summary_large_image' property='twitter:card'/>
	<meta expr:content='data:view.url.canonical' property='twitter:url'/>
	<meta expr:content='data:view.title' property='twitter:title'/>
	<meta expr:content='data:view.description.escaped' property='twitter:description'/>
    <b:if cond='data:widgets'>
	<b:loop values='data:widgets.Blog.first.posts where (p =&gt; p.featuredImage) map (p =&gt; p.featuredImage)' var='imageUrl'>
	<meta expr:content='resizeImage(data:imageUrl,1200,&quot;1200:630&quot;)' property='twitter:image'/>
   	</b:loop>
	</b:if>
    
    <!-- DNS Prefetch -->
    <link href='//fonts.gstatic.com' rel='dns-prefetch'/>
    <link href='//dnjs.cloudflare.com' rel='dns-prefetch'/>
    <link href='//1.bp.blogspot.com' rel='dns-prefetch'/>
    <link href='//2.bp.blogspot.com' rel='dns-prefetch'/>
    <link href='//3.bp.blogspot.com' rel='dns-prefetch'/>
    <link href='//4.bp.blogspot.com' rel='dns-prefetch'/>
    <link href='//blogger.googleusercontent.com' rel='dns-prefetch'/>
    <link href='//www.blogger.com' rel='dns-prefetch'/>

	<!-- Other -->
	<meta expr:charset='data:blog.encoding'/>
	<link expr:href='data:view.url.canonical' rel='canonical'/>
	<link expr:href='data:blog.blogspotFaviconUrl' rel='icon' type='image/x-icon'/>
	<meta content='width=device-width,initial-scale=1' name='viewport'/>
	<b:include data='blog' name='google-analytics'/>
    <b:if cond='data:blog.adultContent'><meta content='adult' name='rating'/></b:if>
    <data:blog.feedLinks/>
    <data:blog.meTag/>
    
    <!-- PWA -->
    <link href='https://cdn.statically.io/gh/wernayasa/BaseTheme/3f213ab13705b8cc936eeaf21669b52583d24363/manifest.json' rel='manifest'/>
    
    <!-- Sitelink Search Box -->
    <b:if cond='data:view.isHomepage'>
        <script type='application/ld+json'>{&quot;@context&quot;:&quot;http://schema.org&quot;,&quot;@type&quot;:&quot;WebSite&quot;,&quot;name&quot;:&quot;<data:view.title.escaped/>&quot;,&quot;url&quot;:&quot;<data:view.url.canonical/>&quot;,&quot;potentialAction&quot;:{&quot;@type&quot;:&quot;SearchAction&quot;,&quot;target&quot;:&quot;<data:view.url.canonical/>search?q={search_term_string}&quot;,&quot;query-input&quot;:&quot;required name=search_term_string&quot;}}</script>
      </b:if>
    
  <b:skin><![CDATA[ 
/*
<Variable name="keycolor" description="Main Color" type="color" default="#ff0000" hideEditor="true"  value="#ff0000"/>

<!-- Hidden Variables -->
<Group description="New Comment Required - Dont edit">
<Variable name="body.background" description="Background" color="#505050" type="background" default="$(color) none repeat scroll center center"  value="$(color) none repeat scroll center center"/>
<Variable name="body.text.font" description="Font komentar Blogger" type="font" default="$(fontBody)" value="$(fontBody)"/>
<Variable name="body.text.color" description="Color" type="color" default="#505050"  value="#505050"/>
<Variable name="body.link.color" description="Link color" type="color" default="#161617"  value="#161617"/>
<Variable name="posts.title.color" description="Post title color" type="color" default="#161617"  value="#161617"/>
<Variable name="posts.text.color" description="Post text color" type="color" default="#505050"  value="#505050"/>
<Variable name="posts.icons.color" description="Post info color" type="color" default="#505050" value="#505050"/>
<Variable name="posts.background.color" description="Post background color" type="color" default="#f7f7fc"  value="#f7f7fc"/>
<Variable name="tabs.font" description="Font" type="font" default="400 14px &#39;Roboto&#39;, sans-serif" value="400 14px &#39;Roboto&#39;, sans-serif"/>
<Variable name="tabs.overflow.background.color" description="Popup background color" type="color" default="#ffffff"  value="#ffffff"/>
<Variable name="labels.background.color" description="Labels background color" type="color" default="#fff" value="#ffffff"/>
</Group>


*/
/*!************************************************
* Name		: Management Project
* Version	: 1.1
* Build		: 15/04/2025
* Website	: emissionhex.blogspot.com
**************************************************/
:root {
interpolate-size:allow-keywords;
accent-color: $(keycolor);
--accent: $(keycolor);
}


/* Skip Navigation */
.skip-navigation{background-color:#fff;box-sizing:border-box;color:#000;display:block;height:0;left:0;line-height:50px;overflow:hidden;padding-top:0;position:fixed;text-align:center;top:0;-webkit-transition:box-shadow .3s,height .3s,padding-top .3s;transition:box-shadow .3s,height .3s,padding-top .3s;width:100%;z-index:900;}
.skip-navigation:focus{box-shadow:0 4px 5px 0 rgba(0,0,0,.14),0 1px 10px 0 rgba(0,0,0,.12),0 2px 4px -1px rgba(0,0,0,.2);height:50px;}

/* Scrollbar Reset */
::-webkit-scrollbar{width:10px}
::-webkit-scrollbar-track{background:#f1f1f1}
::-webkit-scrollbar-thumb{background:#888}
::-webkit-scrollbar-thumb:hover{background:#555}
::-webkit-scrollbar{width:10px}
.dark ::-webkit-scrollbar-track{background:#262626}

.scroller {
    scrollbar-color: #a0aec0 #141b2a;
    scrollbar-width: none !important;
}

/* width */
.scroller::-webkit-scrollbar {
    width: 6px;
    height: 6px;
}

/* Track */
.scroller::-webkit-scrollbar-track {
    border-radius: 100vh;
    background: #141b2a;
}

/* Handle */
.scroller::-webkit-scrollbar-thumb {
    background: #181818;
    border-radius: 100vh;
    border: 1px solid #181818;
}

/* Handle on hover */
.scroller::-webkit-scrollbar-thumb:hover {
    background: #a0aec0;
}

.scrollerlight {
    scrollbar-color: #cfcfcf #ffffff;
    scrollbar-width: none !important;
}

/* width */
.scrollerlight::-webkit-scrollbar {
    width: 2px;
    height: 6px;
}

/* Track */
.scrollerlight::-webkit-scrollbar-track {
    border-radius: 100vh;
    background: #ffffff;
}

/* Handle */
.scrollerlight::-webkit-scrollbar-thumb {
    background: #cecece;
    border-radius: 100vh;
    border: 1px solid #cecece;
}

/* Handle on hover */
.scrollerlight::-webkit-scrollbar-thumb:hover {
    background: #cecece;
}


 ]]></b:skin>
 
 <b:template-skin>
    <![CDATA[ 
    

    ]]></b:template-skin>
  <b:defaultmarkups>
    <b:defaultmarkup type='Common'>
      <b:includable id='widget-title'>
        <b:attr expr:value='data:title' name='aria-label'/>  
        <h3 class='border-b pt-4 mb-2 text-xs text-gray-600 border-gray-700 pb-1 pl-3'>
                    <data:title/>
                </h3>
      </b:includable>
      <b:includable id='modal'>
<dialog class='modal' id='modal'>
  <h2>Age Verification</h2>
  <p>You must be at least 18 years old to access this content.</p>
  <p>Please confirm your age before proceeding.</p>
  <button class='button close-button'>I am 18+</button>
</dialog>

      </b:includable>
    </b:defaultmarkup>
  </b:defaultmarkups>

    <script defer='defer' src='//unpkg.com/alpinejs'/>

  </head>
<body class='antialiased bg-gray-50 dark:bg-gray-900'>
<b:class cond='data:view.isPreview' name='preview'/>
<b:class cond='data:view.isMultipleItems' name='feed-view'/>
<b:class cond='data:view.isSingleItem' name='item-view'/>
<b:class cond='data:view.isPost' name='post-view'/>
<b:class cond='data:view.isArchive' name='archive-view'/>
<b:class cond='data:view.isLabelSearch' name='label-view'/>
<b:class cond='data:view.isSearch and !data:view.isLabelSearch' name='search-view'/>
<b:class cond='data:blog.searchQuery' name='search-query'/>
<b:class cond='data:view.isError' name='error-view'/>
<b:class cond='data:view.isPage' name='page-view'/>
<b:class cond='data:view.isSingleItem or data:view.isLayoutMode' name='layout'/>
<b:class cond='data:view.isHomepage' name='home'/>
<b:class cond='data:blog.isPrivate' name='isPrivate'/>
<b:class cond='data:blog.isMobile' name='isMobile'/>
<b:class cond='data:blog.isMobileRequest' name='isMobileRequest'/>
<b:class cond='data:blog.isMobile and data:blog.isMobileRequest' expr:name='data:blog.mobileClass'/>
<b:class cond='data:link.isCurrentPage' name='selected'/>
<b:class cond='data:posts.empty' name='mty'/>
<b:include name='skipNavigation'/> 

    <nav class='border-b px-4 py-2.5 bg-gray-900 border-gray-800 fixed left-0 right-0 top-0 z-50'>
      <div class='flex flex-wrap justify-between items-center'>
        <div class='flex justify-start items-center'>
          <button aria-controls='drawer-navigation' class='p-2 mr-2 text-gray-600 rounded-lg cursor-pointer md:hidden hover:text-gray-900 hover:bg-gray-100 focus:bg-gray-100 dark:focus:bg-gray-700 focus:ring-2 focus:ring-gray-100 dark:focus:ring-gray-700 dark:text-gray-400 dark:hover:bg-gray-700 dark:hover:text-white' data-drawer-target='drawer-navigation' data-drawer-toggle='drawer-navigation'>
            <svg aria-hidden='true' class='w-6 h-6' fill='currentColor' viewBox='0 0 20 20' xmlns='http://www.w3.org/2000/svg'>
              <path clip-rule='evenodd' d='M3 5a1 1 0 011-1h12a1 1 0 110 2H4a1 1 0 01-1-1zM3 10a1 1 0 011-1h6a1 1 0 110 2H4a1 1 0 01-1-1zM3 15a1 1 0 011-1h12a1 1 0 110 2H4a1 1 0 01-1-1z' fill-rule='evenodd'/>
            </svg>
            <svg aria-hidden='true' class='hidden w-6 h-6' fill='currentColor' viewBox='0 0 20 20' xmlns='http://www.w3.org/2000/svg'>
              <path clip-rule='evenodd' d='M4.293 4.293a1 1 0 011.414 0L10 8.586l4.293-4.293a1 1 0 111.414 1.414L11.414 10l4.293 4.293a1 1 0 01-1.414 1.414L10 11.414l-4.293 4.293a1 1 0 01-1.414-1.414L8.586 10 4.293 5.707a1 1 0 010-1.414z' fill-rule='evenodd'/>
            </svg>
            <span class='sr-only'>Toggle sidebar</span>
          </button>

            <header class='flex items-center justify-between py-1 shadow-lg px-2 md:px-4 md:sticky top-0 bg-gray-800 z-40 rounded-xl'>
            <!-- logo -->
            <a class='text-white flex items-center space-x-2 group hover:text-white' href='/'>
                <div>
                    <svg class='h-8 w-8 transition-transform duration-300 group-hover:-rotate-45 ' fill='none' stroke='currentColor' viewBox='0 0 24 24'>
                        <path d='M21 13.255A23.931 23.931 0 0112 15c-3.183 0-6.22-.62-9-1.745M16 6V4a2 2 0 00-2-2h-4a2 2 0 00-2 2v2m4 6h.01M5 20h14a2 2 0 002-2V8a2 2 0 00-2-2H5a2 2 0 00-2 2v10a2 2 0 002 2z' stroke-linecap='round' stroke-linejoin='round' stroke-width='2'/>
                    </svg>
                </div>

                <div>
                    <span class='text-lg md:text-1xl font-extrabold'><data:blog.title/></span>
                    <span class='text-xs hidden md:block'>Project Management</span>
                </div>
            </a>
        </header>

        </div>
        <div class='flex items-center lg:order-2'>
          
          <!-- Apps -->
          <button class='p-2 text-gray-500 rounded-lg hover:text-gray-900 hover:bg-gray-100 dark:text-gray-400 dark:hover:text-white dark:hover:bg-gray-700 focus:ring-4 focus:ring-gray-300 dark:focus:ring-gray-600' data-dropdown-toggle='apps-dropdown' type='button'>
            <span class='sr-only'>View notifications</span>
            <!-- Icon -->
            <svg class='w-6 h-6' fill='currentColor' viewBox='0 0 20 20' xmlns='http://www.w3.org/2000/svg'>
              <path d='M5 3a2 2 0 00-2 2v2a2 2 0 002 2h2a2 2 0 002-2V5a2 2 0 00-2-2H5zM5 11a2 2 0 00-2 2v2a2 2 0 002 2h2a2 2 0 002-2v-2a2 2 0 00-2-2H5zM11 5a2 2 0 012-2h2a2 2 0 012 2v2a2 2 0 01-2 2h-2a2 2 0 01-2-2V5zM11 13a2 2 0 012-2h2a2 2 0 012 2v2a2 2 0 01-2 2h-2a2 2 0 01-2-2v-2z'/>
            </svg>
          </button>
          <!-- Dropdown menu -->
          <div class='hidden overflow-hidden z-50 my-4 max-w-sm text-base list-none bg-white rounded divide-y divide-gray-100 shadow-lg dark:bg-gray-700 dark:divide-gray-600 rounded-xl' id='apps-dropdown'>
            <div class='block py-2 px-4 text-base font-medium text-center text-gray-700 bg-gray-50 dark:bg-gray-600 dark:text-gray-300'>
              Apps
            </div>
            <div class='grid grid-cols-3 gap-4 p-4'>
              <a class='block p-4 text-center rounded-lg hover:bg-gray-100 dark:hover:bg-gray-600 group' href='#'>
                <svg aria-hidden='true' class='mx-auto mb-1 w-7 h-7 text-gray-400 group-hover:text-gray-500 dark:text-gray-400 dark:group-hover:text-gray-400' fill='currentColor' viewBox='0 0 20 20' xmlns='http://www.w3.org/2000/svg'>
                  <path clip-rule='evenodd' d='M10 2a4 4 0 00-4 4v1H5a1 1 0 00-.994.89l-1 9A1 1 0 004 18h12a1 1 0 00.994-1.11l-1-9A1 1 0 0015 7h-1V6a4 4 0 00-4-4zm2 5V6a2 2 0 10-4 0v1h4zm-6 3a1 1 0 112 0 1 1 0 01-2 0zm7-1a1 1 0 100 2 1 1 0 000-2z' fill-rule='evenodd'/>
                </svg>
                <div class='text-sm text-gray-900 dark:text-white'>Sales</div>
              </a>
              <a class='block p-4 text-center rounded-lg hover:bg-gray-100 dark:hover:bg-gray-600 group' href='#'>
                <svg aria-hidden='true' class='mx-auto mb-1 w-7 h-7 text-gray-400 group-hover:text-gray-500 dark:text-gray-400 dark:group-hover:text-gray-400' fill='currentColor' viewBox='0 0 20 20' xmlns='http://www.w3.org/2000/svg'>
                  <path d='M13 6a3 3 0 11-6 0 3 3 0 016 0zM18 8a2 2 0 11-4 0 2 2 0 014 0zM14 15a4 4 0 00-8 0v3h8v-3zM6 8a2 2 0 11-4 0 2 2 0 014 0zM16 18v-3a5.972 5.972 0 00-.75-2.906A3.005 3.005 0 0119 15v3h-3zM4.75 12.094A5.973 5.973 0 004 15v3H1v-3a3 3 0 013.75-2.906z'/>
                </svg>
                <div class='text-sm text-gray-900 dark:text-white'>Users</div>
              </a>
              <a class='block p-4 text-center rounded-lg hover:bg-gray-100 dark:hover:bg-gray-600 group' href='#'>
                <svg aria-hidden='true' class='mx-auto mb-1 w-7 h-7 text-gray-400 group-hover:text-gray-500 dark:text-gray-400 dark:group-hover:text-gray-400' fill='currentColor' viewBox='0 0 20 20' xmlns='http://www.w3.org/2000/svg'>
                  <path clip-rule='evenodd' d='M5 3a2 2 0 00-2 2v10a2 2 0 002 2h10a2 2 0 002-2V5a2 2 0 00-2-2H5zm0 2h10v7h-2l-1 2H8l-1-2H5V5z' fill-rule='evenodd'/>
                </svg>
                <div class='text-sm text-gray-900 dark:text-white'>Inbox</div>
              </a>
              <a class='block p-4 text-center rounded-lg hover:bg-gray-100 dark:hover:bg-gray-600 group' href='#'>
                <svg aria-hidden='true' class='mx-auto mb-1 w-7 h-7 text-gray-400 group-hover:text-gray-500 dark:text-gray-400 dark:group-hover:text-gray-400' fill='currentColor' viewBox='0 0 20 20' xmlns='http://www.w3.org/2000/svg'>
                  <path clip-rule='evenodd' d='M18 10a8 8 0 11-16 0 8 8 0 0116 0zm-6-3a2 2 0 11-4 0 2 2 0 014 0zm-2 4a5 5 0 00-4.546 2.916A5.986 5.986 0 0010 16a5.986 5.986 0 004.546-2.084A5 5 0 0010 11z' fill-rule='evenodd'/>
                </svg>
                <div class='text-sm text-gray-900 dark:text-white'>
                  Profile
                </div>
              </a>
              <a class='block p-4 text-center rounded-lg hover:bg-gray-100 dark:hover:bg-gray-600 group' href='#'>
                <svg aria-hidden='true' class='mx-auto mb-1 w-7 h-7 text-gray-400 group-hover:text-gray-500 dark:text-gray-400 dark:group-hover:text-gray-400' fill='currentColor' viewBox='0 0 20 20' xmlns='http://www.w3.org/2000/svg'>
                  <path clip-rule='evenodd' d='M11.49 3.17c-.38-1.56-2.6-1.56-2.98 0a1.532 1.532 0 01-2.286.948c-1.372-.836-2.942.734-2.106 2.106.54.886.061 2.042-.947 2.287-1.561.379-1.561 2.6 0 2.978a1.532 1.532 0 01.947 2.287c-.836 1.372.734 2.942 2.106 2.106a1.532 1.532 0 012.287.947c.379 1.561 2.6 1.561 2.978 0a1.533 1.533 0 012.287-.947c1.372.836 2.942-.734 2.106-2.106a1.533 1.533 0 01.947-2.287c1.561-.379 1.561-2.6 0-2.978a1.532 1.532 0 01-.947-2.287c.836-1.372-.734-2.942-2.106-2.106a1.532 1.532 0 01-2.287-.947zM10 13a3 3 0 100-6 3 3 0 000 6z' fill-rule='evenodd'/>
                </svg>
                <div class='text-sm text-gray-900 dark:text-white'>
                  Settings
                </div>
              </a>
              <a class='block p-4 text-center rounded-lg hover:bg-gray-100 dark:hover:bg-gray-600 group' href='#'>
                <svg aria-hidden='true' class='mx-auto mb-1 w-7 h-7 text-gray-400 group-hover:text-gray-500 dark:text-gray-400 dark:group-hover:text-gray-400' fill='currentColor' viewBox='0 0 20 20' xmlns='http://www.w3.org/2000/svg'>
                  <path d='M4 3a2 2 0 100 4h12a2 2 0 100-4H4z'/>
                  <path clip-rule='evenodd' d='M3 8h14v7a2 2 0 01-2 2H5a2 2 0 01-2-2V8zm5 3a1 1 0 011-1h2a1 1 0 110 2H9a1 1 0 01-1-1z' fill-rule='evenodd'/>
                </svg>
                <div class='text-sm text-gray-900 dark:text-white'>
                  Products
                </div>
              </a>
              <a class='block p-4 text-center rounded-lg hover:bg-gray-100 dark:hover:bg-gray-600 group' href='#'>
                <svg aria-hidden='true' class='mx-auto mb-1 w-7 h-7 text-gray-400 group-hover:text-gray-500 dark:text-gray-400 dark:group-hover:text-gray-400' fill='currentColor' viewBox='0 0 20 20' xmlns='http://www.w3.org/2000/svg'>
                  <path d='M8.433 7.418c.155-.103.346-.196.567-.267v1.698a2.305 2.305 0 01-.567-.267C8.07 8.34 8 8.114 8 8c0-.114.07-.34.433-.582zM11 12.849v-1.698c.22.071.412.164.567.267.364.243.433.468.433.582 0 .114-.07.34-.433.582a2.305 2.305 0 01-.567.267z'/>
                  <path clip-rule='evenodd' d='M10 18a8 8 0 100-16 8 8 0 000 16zm1-13a1 1 0 10-2 0v.092a4.535 4.535 0 00-1.676.662C6.602 6.234 6 7.009 6 8c0 .99.602 1.765 1.324 2.246.48.32 1.054.545 1.676.662v1.941c-.391-.127-.68-.317-.843-.504a1 1 0 10-1.51 1.31c.562.649 1.413 1.076 2.353 1.253V15a1 1 0 102 0v-.092a4.535 4.535 0 001.676-.662C13.398 13.766 14 12.991 14 12c0-.99-.602-1.765-1.324-2.246A4.535 4.535 0 0011 9.092V7.151c.391.127.68.317.843.504a1 1 0 101.511-1.31c-.563-.649-1.413-1.076-2.354-1.253V5z' fill-rule='evenodd'/>
                </svg>
                <div class='text-sm text-gray-900 dark:text-white'>
                  Pricing
                </div>
              </a>
              <a class='block p-4 text-center rounded-lg hover:bg-gray-100 dark:hover:bg-gray-600 group' href='#'>
                <svg aria-hidden='true' class='mx-auto mb-1 w-7 h-7 text-gray-400 group-hover:text-gray-500 dark:text-gray-400 dark:group-hover:text-gray-400' fill='currentColor' viewBox='0 0 20 20' xmlns='http://www.w3.org/2000/svg'>
                  <path clip-rule='evenodd' d='M5 2a2 2 0 00-2 2v14l3.5-2 3.5 2 3.5-2 3.5 2V4a2 2 0 00-2-2H5zm2.5 3a1.5 1.5 0 100 3 1.5 1.5 0 000-3zm6.207.293a1 1 0 00-1.414 0l-6 6a1 1 0 101.414 1.414l6-6a1 1 0 000-1.414zM12.5 10a1.5 1.5 0 100 3 1.5 1.5 0 000-3z' fill-rule='evenodd'/>
                </svg>
                <div class='text-sm text-gray-900 dark:text-white'>
                  Billing
                </div>
              </a>
              <a class='block p-4 text-center rounded-lg hover:bg-gray-100 dark:hover:bg-gray-600 group' href='#'>
                <svg aria-hidden='true' class='mx-auto mb-1 w-7 h-7 text-gray-400 group-hover:text-gray-500 dark:text-gray-400 dark:group-hover:text-gray-400' fill='none' stroke='currentColor' viewBox='0 0 24 24' xmlns='http://www.w3.org/2000/svg'>
                  <path d='M11 16l-4-4m0 0l4-4m-4 4h14m-5 4v1a3 3 0 01-3 3H6a3 3 0 01-3-3V7a3 3 0 013-3h7a3 3 0 013 3v1' stroke-linecap='round' stroke-linejoin='round' stroke-width='2'/>
                </svg>
                <div class='text-sm text-gray-900 dark:text-white'>
                  Logout
                </div>
              </a>
            </div>
          </div>
          <button aria-expanded='false' class='flex mx-3 text-sm bg-gray-800 rounded-full md:mr-0 focus:ring-4 focus:ring-gray-300 dark:focus:ring-gray-600' data-dropdown-toggle='dropdown' id='user-menu-button' type='button'>
            <span class='sr-only'>Open user menu</span>
            <img alt='user photo' class='w-8 h-8 rounded-full' src='https://flowbite.s3.amazonaws.com/blocks/marketing-ui/avatars/michael-gough.png'/>
          </button>
          <!-- Dropdown menu -->
          <div class='hidden z-50 my-4 w-56 text-base list-none bg-white rounded divide-y divide-gray-100 shadow dark:bg-gray-700 dark:divide-gray-600 rounded-xl' id='dropdown'>
            <div class='py-3 px-4'>
              <span class='block text-sm font-semibold text-gray-900 dark:text-white'>Neil Sims</span>
              <span class='block text-sm text-gray-900 truncate dark:text-white'>name@flowbite.com</span>
            </div>
            <ul aria-labelledby='dropdown' class='py-1 text-gray-700 dark:text-gray-300'>
              <li>
                <a class='block py-2 px-4 text-sm hover:bg-gray-100 dark:hover:bg-gray-600 dark:text-gray-400 dark:hover:text-white' href='#'>My profile</a>
              </li>
              <li>
                <a class='block py-2 px-4 text-sm hover:bg-gray-100 dark:hover:bg-gray-600 dark:text-gray-400 dark:hover:text-white' href='#'>Account settings</a>
              </li>
            </ul>
            <ul aria-labelledby='dropdown' class='py-1 text-gray-700 dark:text-gray-300'>
              <li>
                <a class='flex items-center py-2 px-4 text-sm hover:bg-gray-100 dark:hover:bg-gray-600 dark:hover:text-white' href='#'><svg class='mr-2 w-5 h-5 text-gray-400' fill='currentColor' viewBox='0 0 20 20' xmlns='http://www.w3.org/2000/svg'>
                    <path clip-rule='evenodd' d='M3.172 5.172a4 4 0 015.656 0L10 6.343l1.172-1.171a4 4 0 115.656 5.656L10 17.657l-6.828-6.829a4 4 0 010-5.656z' fill-rule='evenodd'/>
                  </svg>
                  My likes</a>
              </li>
              <li>
                <a class='flex items-center py-2 px-4 text-sm hover:bg-gray-100 dark:hover:bg-gray-600 dark:hover:text-white' href='#'><svg class='mr-2 w-5 h-5 text-gray-400' fill='currentColor' viewBox='0 0 20 20' xmlns='http://www.w3.org/2000/svg'>
                    <path d='M7 3a1 1 0 000 2h6a1 1 0 100-2H7zM4 7a1 1 0 011-1h10a1 1 0 110 2H5a1 1 0 01-1-1zM2 11a2 2 0 012-2h12a2 2 0 012 2v4a2 2 0 01-2 2H4a2 2 0 01-2-2v-4z'/>
                  </svg>
                  Collections</a>
              </li>
              <li>
                <a class='flex justify-between items-center py-2 px-4 text-sm hover:bg-gray-100 dark:hover:bg-gray-600 dark:hover:text-white' href='#'>
                  <span class='flex items-center'>
                    <svg aria-hidden='true' class='mr-2 w-5 h-5 text-primary-600 dark:text-primary-500' fill='currentColor' viewBox='0 0 20 20' xmlns='http://www.w3.org/2000/svg'>
                      <path clip-rule='evenodd' d='M12.395 2.553a1 1 0 00-1.45-.385c-.345.23-.614.558-.822.88-.214.33-.403.713-.57 1.116-.334.804-.614 1.768-.84 2.734a31.365 31.365 0 00-.613 3.58 2.64 2.64 0 01-.945-1.067c-.328-.68-.398-1.534-.398-2.654A1 1 0 005.05 6.05 6.981 6.981 0 003 11a7 7 0 1011.95-4.95c-.592-.591-.98-.985-1.348-1.467-.363-.476-.724-1.063-1.207-2.03zM12.12 15.12A3 3 0 017 13s.879.5 2.5.5c0-1 .5-4 1.25-4.5.5 1 .786 1.293 1.371 1.879A2.99 2.99 0 0113 13a2.99 2.99 0 01-.879 2.121z' fill-rule='evenodd'/>
                    </svg>
                    Pro version
                  </span>
                  <svg aria-hidden='true' class='w-5 h-5 text-gray-400' fill='currentColor' viewBox='0 0 20 20' xmlns='http://www.w3.org/2000/svg'>
                    <path clip-rule='evenodd' d='M7.293 14.707a1 1 0 010-1.414L10.586 10 7.293 6.707a1 1 0 011.414-1.414l4 4a1 1 0 010 1.414l-4 4a1 1 0 01-1.414 0z' fill-rule='evenodd'/>
                  </svg>
                </a>
              </li>
            </ul>
            <ul aria-labelledby='dropdown' class='py-1 text-gray-700 dark:text-gray-300'>
              <li>
                <a class='block py-2 px-4 text-sm hover:bg-gray-100 dark:hover:bg-gray-600 dark:hover:text-white' href='#'>Sign out</a>
              </li>
            </ul>
          </div>
        </div>
      </div>
    </nav>

    <!-- Sidebar -->

    <aside aria-label='Sidenav' class='fixed top-0 left-0 z-40 w-64 h-screen pt-14 bg-gray-800 transition-transform -translate-x-full border-r border-gray-200 md:translate-x-0 dark:border-gray-700' id='drawer-navigation' x-data='{selected:&apos;Tasks&apos;}'>
      <div class='overflow-y-auto py-5 px-3'>
      <b:section id='sidebar' showaddelement='true'>
        <b:widget id='LinkList1' locked='false' title='Main' type='LinkList' version='2' visible='true'>
          <b:widget-settings>
            <b:widget-setting name='sorting'>NONE</b:widget-setting>
            <b:widget-setting name='text-0'><![CDATA[<div class='pr-2'>                             <svg class='h-5 w-5' fill='none' stroke='currentColor' viewBox='0 0 24 24'>                                 <path d='M9.75 17L9 20l-1 1h8l-1-1-.75-3M3 13h18M5 17h14a2 2 0 002-2V5a2 2 0 00-2-2H5a2 2 0 00-2 2v10a2 2 0 002 2z' stroke-linecap='round' stroke-linejoin='round' stroke-width='2'/>                             </svg>                         </div>                         <div>Dashboard </div>]]></b:widget-setting>
            <b:widget-setting name='link-0'>https://</b:widget-setting>
          </b:widget-settings>
          <b:includable id='main'>
  <b:include name='widget-title'/>
  <b:include name='content'/>
</b:includable>
          <b:includable id='content'>
 <div class='text-sm text-gray-500 '>
   <ul>
     <b:loop values='data:links' var='link'>
       <li><a class='flex items-center w-full py-1 px-2 rounded relative hover:text-white hover:bg-gray-700 ' expr:href='data:link.target'><data:link.name/></a></li>
     </b:loop>
   </ul>
 </div>
</b:includable>
        </b:widget>
        <b:widget id='LinkList2' locked='false' title='Work' type='LinkList' version='2' visible='true'>
          <b:widget-settings>
            <b:widget-setting name='sorting'>NONE</b:widget-setting>
            <b:widget-setting name='text-1'><![CDATA[ <div class="pr-2"> <svg class="h-5 w-5" fill="none" stroke="currentColor" stroke-width="2" viewBox="0 0 24 24"> <path d="M12 8v4m0 4h.01M21 12a9 9 0 11-18 0 9 9 0 0118 0z" stroke-linecap="round" stroke-linejoin="round"></path> </svg> </div> <div>Errors  Bugs </div>]]></b:widget-setting>
            <b:widget-setting name='link-1'>https://</b:widget-setting>
            <b:widget-setting name='text-0'><![CDATA[ <div class="pr-2"> <svg class="h-5 w-5" fill="none" stroke="currentColor" viewBox="0 0 24 24"> <path d="M9 5H7a2 2 0 00-2 2v12a2 2 0 002 2h10a2 2 0 002-2V7a2 2 0 00-2-2h-2M9 5a2 2 0 002 2h2a2 2 0 002-2M9 5a2 2 0 012-2h2a2 2 0 012 2m-3 7h3m-3 4h3m-6-4h.01M9 16h.01" stroke-linecap="round" stroke-linejoin="round" stroke-width="2"></path> </svg> </div> <div>Tasks </div>]]></b:widget-setting>
            <b:widget-setting name='link-0'>https://</b:widget-setting>
          </b:widget-settings>
          <b:includable id='main'>
  <b:include name='widget-title'/>
  <b:include name='content'/>
</b:includable>
          <b:includable id='content'>
 <div class='text-sm text-gray-500 '>
   <ul>
     <b:loop values='data:links' var='link'>
       <li><a class='flex items-center w-full py-1 px-2 rounded relative hover:text-white hover:bg-gray-700 ' expr:href='data:link.target'><data:link.name/></a></li>
     </b:loop>
   </ul>
 </div>
</b:includable>
        </b:widget>
      </b:section>
      <div class='border-b pt-4 mb-2 text-xs text-gray-600 border-gray-700 pb-1 pl-3'>
                    Managment
                </div>
      <b:section id='sidebar-accordion' showaddelement='true'>
        <b:widget id='LinkList3' locked='false' title='Team' type='LinkList' version='2' visible='true'>
          <b:widget-settings>
            <b:widget-setting name='sorting'>NONE</b:widget-setting>
            <b:widget-setting name='text-1'>Roka</b:widget-setting>
            <b:widget-setting name='link-1'>https://</b:widget-setting>
            <b:widget-setting name='text-0'>Hiru</b:widget-setting>
            <b:widget-setting name='link-0'>https://</b:widget-setting>
          </b:widget-settings>
          <b:includable id='main'>
            <b:class name='text-sm text-gray-500'/>
            <!-- List ITEM -->
            <a class='flex items-center w-full py-1 px-2 rounded relative hover:text-white hover:bg-gray-700' href='#' x-on:click.prevent='selected = (selected === &apos;Team&apos; ? &apos;&apos;:&apos;Team&apos;)'>
              <div class='pr-2'>
                <svg class='h-5 w-5' fill='none' stroke='currentColor' viewBox='0 0 24 24'>
                  <path d='M12 4.354a4 4 0 110 5.292M15 21H3v-1a6 6 0 0112 0v1zm0 0h6v-1a6 6 0 00-9-5.197M13 7a4 4 0 11-8 0 4 4 0 018 0z' stroke-linecap='round' stroke-linejoin='round' stroke-width='2'/>
                </svg>
              </div>
              <div><data:title/></div>
              <div :class='{ &apos;rotate-180&apos;: (selected === &apos;Team&apos;) }' class='absolute right-1.5 transition-transform duration-300'>
                <svg class=' h-3 w-3' fill='none' stroke='currentColor' viewBox='0 0 24 24'>
                  <path d='M19 9l-7 7-7-7' stroke-linecap='round' stroke-linejoin='round' stroke-width='2'/>
                </svg>
              </div>
            </a>

  <b:include name='content'/>
</b:includable>
          <b:includable id='content'>
 <div :style='(selected === &apos;Team&apos;) ? &apos;max-height: &apos; + $el.scrollHeight + &apos;px&apos;:&apos;&apos;' class='pl-4 pr-2 overflow-hidden transition-all transform translate duration-300 max-h-0 '>
   <ul class='flex flex-col mt-2 pl-2 text-gray-500 border-l border-gray-700 space-y-1 text-xs'>
     <!-- Item -->
     <b:loop values='data:links' var='link'>
       <li><a class='flex items-center w-full py-1 px-2 rounded relative hover:text-white hover:bg-gray-700 ' expr:href='data:link.target'><data:link.name/></a></li>
     </b:loop>
   </ul>
 </div>
</b:includable>
        </b:widget>
        <b:widget id='LinkList4' locked='false' title='Projects' type='LinkList' version='2' visible='true'>
          <b:widget-settings>
            <b:widget-setting name='sorting'>NONE</b:widget-setting>
            <b:widget-setting name='text-1'>Post Generator All Format</b:widget-setting>
            <b:widget-setting name='link-1'>https://</b:widget-setting>
            <b:widget-setting name='text-0'>HTML Image Converter</b:widget-setting>
            <b:widget-setting name='link-2'>https://</b:widget-setting>
            <b:widget-setting name='link-0'>https://bloggerkitpro.blogspot.com/2025/04/image-converter-maximum-resolution.html</b:widget-setting>
            <b:widget-setting name='text-2'>Streaming Episode Generator</b:widget-setting>
          </b:widget-settings>
          <b:includable id='main'>
            <b:class name='text-sm text-gray-500'/>
            <!-- List ITEM -->
            <a class='flex items-center w-full py-1 px-2 rounded relative hover:text-white hover:bg-gray-700' href='#' x-on:click.prevent='selected = (selected === &apos;Projects&apos; ? &apos;&apos;:&apos;Projects&apos;)'>
              <div class='pr-2'>
                <svg class='h-5 w-5' fill='none' stroke='currentColor' viewBox='0 0 24 24'>
<path d='M3 7v10a2 2 0 002 2h14a2 2 0 002-2V9a2 2 0 00-2-2h-6l-2-2H5a2 2 0 00-2 2z' stroke-linecap='round' stroke-linejoin='round' stroke-width='2'/>
</svg>
              </div>
              <div><data:title/></div>
              <div :class='{ &apos;rotate-180&apos;: (selected === &apos;Projects&apos;) }' class='absolute right-1.5 transition-transform duration-300'>
                <svg class=' h-3 w-3' fill='none' stroke='currentColor' viewBox='0 0 24 24'>
                  <path d='M19 9l-7 7-7-7' stroke-linecap='round' stroke-linejoin='round' stroke-width='2'/>
                </svg>
              </div>
            </a>

  <b:include name='content'/>
</b:includable>
          <b:includable id='content'>
 <div :style='(selected === &apos;Projects&apos;) ? &apos;max-height: &apos; + $el.scrollHeight + &apos;px&apos;:&apos;&apos;' class='pl-4 pr-2 overflow-hidden transition-all transform translate duration-300 max-h-0 '>
   <ul class='flex flex-col mt-2 pl-2 text-gray-500 border-l border-gray-700 space-y-1 text-xs'>
     <!-- Item -->
     <b:loop values='data:links' var='link'>
       <li><a class='flex items-center w-full py-1 px-2 rounded relative hover:text-white hover:bg-gray-700 ' expr:href='data:link.target'><data:link.name/></a></li>
     </b:loop>
   </ul>
 </div>
</b:includable>
        </b:widget>
        <b:widget id='LinkList5' locked='false' title='Tasks' type='LinkList' version='2' visible='true'>
          <b:widget-settings>
            <b:widget-setting name='link-5'>https://</b:widget-setting>
            <b:widget-setting name='link-3'>https://</b:widget-setting>
            <b:widget-setting name='link-4'>https://</b:widget-setting>
            <b:widget-setting name='text-1'>My tasks</b:widget-setting>
            <b:widget-setting name='text-0'>List</b:widget-setting>
            <b:widget-setting name='text-3'>Active tasks</b:widget-setting>
            <b:widget-setting name='text-2'>Create tasks</b:widget-setting>
            <b:widget-setting name='text-5'>Close tasks</b:widget-setting>
            <b:widget-setting name='text-4'>In progress</b:widget-setting>
            <b:widget-setting name='sorting'>NONE</b:widget-setting>
            <b:widget-setting name='link-1'>https://</b:widget-setting>
            <b:widget-setting name='link-2'>https://</b:widget-setting>
            <b:widget-setting name='link-0'>#</b:widget-setting>
          </b:widget-settings>
          <b:includable id='main'>
            <b:class name='text-sm text-gray-500'/>
            <!-- List ITEM -->
            <a class='flex items-center w-full py-1 px-2 rounded relative hover:text-white hover:bg-gray-700' href='#' x-on:click.prevent='selected = (selected === &apos;Tasks&apos; ? &apos;&apos;:&apos;Tasks&apos;)'>
              <div class='pr-2'>
                <svg class='h-5 w-5' fill='none' stroke='currentColor' viewBox='0 0 24 24'>
                                <path d='M9 5H7a2 2 0 00-2 2v12a2 2 0 002 2h10a2 2 0 002-2V7a2 2 0 00-2-2h-2M9 5a2 2 0 002 2h2a2 2 0 002-2M9 5a2 2 0 012-2h2a2 2 0 012 2m-3 7h3m-3 4h3m-6-4h.01M9 16h.01' stroke-linecap='round' stroke-linejoin='round' stroke-width='2'/>
                            </svg>
              </div>
              <div><data:title/></div>
              <div :class='{ &apos;rotate-180&apos;: (selected === &apos;Tasks&apos;) }' class='absolute right-1.5 transition-transform duration-300'>
                <svg class=' h-3 w-3' fill='none' stroke='currentColor' viewBox='0 0 24 24'>
                  <path d='M19 9l-7 7-7-7' stroke-linecap='round' stroke-linejoin='round' stroke-width='2'/>
                </svg>
              </div>
            </a>

  <b:include name='content'/>
</b:includable>
          <b:includable id='content'>
 <div :style='(selected === &apos;Tasks&apos;) ? &apos;max-height: &apos; + $el.scrollHeight + &apos;px&apos;:&apos;&apos;' class='pl-4 pr-2 overflow-hidden transition-all transform translate duration-300 max-h-0 '>
   <ul class='flex flex-col mt-2 pl-2 text-gray-500 border-l border-gray-700 space-y-1 text-xs'>
     <!-- Item -->
     <b:loop values='data:links' var='link'>
       <li><a class='flex items-center w-full py-1 px-2 rounded relative hover:text-white hover:bg-gray-700 ' expr:href='data:link.target'><data:link.name/></a></li>
     </b:loop>
   </ul>
 </div>
</b:includable>
        </b:widget>
      </b:section>
      </div>
      <div class='hidden absolute bottom-0 left-0 justify-center p-4 space-x-4 w-full lg:flex z-20'>
        <a class='inline-flex justify-center p-2 text-gray-500 rounded cursor-pointer dark:text-gray-400 hover:text-gray-900 dark:hover:text-white hover:bg-gray-100 dark:hover:bg-gray-600' href='#'>
          <svg aria-hidden='true' class='w-6 h-6' fill='currentColor' viewBox='0 0 20 20' xmlns='http://www.w3.org/2000/svg'>
            <path d='M5 4a1 1 0 00-2 0v7.268a2 2 0 000 3.464V16a1 1 0 102 0v-1.268a2 2 0 000-3.464V4zM11 4a1 1 0 10-2 0v1.268a2 2 0 000 3.464V16a1 1 0 102 0V8.732a2 2 0 000-3.464V4zM16 3a1 1 0 011 1v7.268a2 2 0 010 3.464V16a1 1 0 11-2 0v-1.268a2 2 0 010-3.464V4a1 1 0 011-1z'/>
          </svg>
        </a>
        <a class='inline-flex justify-center p-2 text-gray-500 rounded cursor-pointer dark:text-gray-400 dark:hover:text-white hover:text-gray-900 hover:bg-gray-100 dark:hover:bg-gray-600' data-tooltip-target='tooltip-settings' href='#'>
          <svg aria-hidden='true' class='w-6 h-6' fill='currentColor' viewBox='0 0 20 20' xmlns='http://www.w3.org/2000/svg'>
            <path clip-rule='evenodd' d='M11.49 3.17c-.38-1.56-2.6-1.56-2.98 0a1.532 1.532 0 01-2.286.948c-1.372-.836-2.942.734-2.106 2.106.54.886.061 2.042-.947 2.287-1.561.379-1.561 2.6 0 2.978a1.532 1.532 0 01.947 2.287c-.836 1.372.734 2.942 2.106 2.106a1.532 1.532 0 012.287.947c.379 1.561 2.6 1.561 2.978 0a1.533 1.533 0 012.287-.947c1.372.836 2.942-.734 2.106-2.106a1.533 1.533 0 01.947-2.287c1.561-.379 1.561-2.6 0-2.978a1.532 1.532 0 01-.947-2.287c.836-1.372-.734-2.942-2.106-2.106a1.532 1.532 0 01-2.287-.947zM10 13a3 3 0 100-6 3 3 0 000 6z' fill-rule='evenodd'/>
          </svg>
        </a>
        <div class='inline-block absolute invisible z-10 py-2 px-3 text-sm font-medium text-white bg-gray-900 rounded-lg shadow-sm opacity-0 transition-opacity duration-300 tooltip' id='tooltip-settings' role='tooltip'>
          Settings page
          <div class='tooltip-arrow' data-popper-arrow=''/>
        </div>
        <button class='inline-flex justify-center p-2 text-gray-500 rounded cursor-pointer dark:hover:text-white dark:text-gray-400 hover:text-gray-900 hover:bg-gray-100 dark:hover:bg-gray-600' data-dropdown-toggle='language-dropdown' type='button'>
          <svg aria-hidden='true' class='h-5 w-5 rounded-full mt-0.5' viewBox='0 0 3900 3900' xmlns='http://www.w3.org/2000/svg' xmlns:xlink='http://www.w3.org/1999/xlink'>
            <path d='M0 0h7410v3900H0z' fill='#b22234'/>
            <path d='M0 450h7410m0 600H0m0 600h7410m0 600H0m0 600h7410m0 600H0' stroke='#fff' stroke-width='300'/>
            <path d='M0 0h2964v2100H0z' fill='#3c3b6e'/>
            <g fill='#fff'>
              <g id='d'>
                <g id='c'>
                  <g id='e'>
                    <g id='b'>
                      <path d='M247 90l70.534 217.082-184.66-134.164h228.253L176.466 307.082z' id='a'/>
                      <use xlink:href='#a' y='420'/>
                      <use xlink:href='#a' y='840'/>
                      <use xlink:href='#a' y='1260'/>
                    </g>
                    <use xlink:href='#a' y='1680'/>
                  </g>
                  <use x='247' xlink:href='#b' y='210'/>
                </g>
                <use x='494' xlink:href='#c'/>
              </g>
              <use x='988' xlink:href='#d'/>
              <use x='1976' xlink:href='#c'/>
              <use x='2470' xlink:href='#e'/>
            </g>
          </svg>
        </button>
        <!-- Dropdown -->
        <div class='hidden z-50 my-4 text-base list-none bg-white rounded divide-y divide-gray-100 shadow dark:bg-gray-700' id='language-dropdown'>
          <ul class='py-1' role='none'>
            <li>
              <a class='block py-2 px-4 text-sm text-gray-700 hover:bg-gray-100 dark:hover:text-white dark:text-gray-300 dark:hover:bg-gray-600' href='#' role='menuitem'>
                <div class='inline-flex items-center'>
                  <svg aria-hidden='true' class='h-3.5 w-3.5 rounded-full mr-2' id='flag-icon-css-us' viewBox='0 0 512 512' xmlns='http://www.w3.org/2000/svg'>
                    <g fill-rule='evenodd'>
                      <g stroke-width='1pt'>
                        <path d='M0 0h247v10H0zm0 20h247v10H0zm0 20h247v10H0zm0 20h247v10H0zm0 20h247v10H0zm0 20h247v10H0zm0 20h247v10H0z' fill='#bd3d44' transform='scale(3.9385)'/>
                        <path d='M0 10h247v10H0zm0 20h247v10H0zm0 20h247v10H0zm0 20h247v10H0zm0 20h247v10H0zm0 20h247v10H0z' fill='#fff' transform='scale(3.9385)'/>
                      </g>
                      <path d='M0 0h98.8v70H0z' fill='#192f5d' transform='scale(3.9385)'/>
                      <path d='M8.2 3l1 2.8H12L9.7 7.5l.9 2.7-2.4-1.7L6 10.2l.9-2.7-2.4-1.7h3zm16.5 0l.9 2.8h2.9l-2.4 1.7 1 2.7-2.4-1.7-2.4 1.7 1-2.7-2.4-1.7h2.9zm16.5 0l.9 2.8H45l-2.4 1.7 1 2.7-2.4-1.7-2.4 1.7 1-2.7-2.4-1.7h2.9zm16.4 0l1 2.8h2.8l-2.3 1.7.9 2.7-2.4-1.7-2.3 1.7.9-2.7-2.4-1.7h3zm16.5 0l.9 2.8h2.9l-2.4 1.7 1 2.7L74 8.5l-2.3 1.7.9-2.7-2.4-1.7h2.9zm16.5 0l.9 2.8h2.9L92 7.5l1 2.7-2.4-1.7-2.4 1.7 1-2.7-2.4-1.7h2.9zm-74.1 7l.9 2.8h2.9l-2.4 1.7 1 2.7-2.4-1.7-2.4 1.7 1-2.7-2.4-1.7h2.9zm16.4 0l1 2.8h2.8l-2.3 1.7.9 2.7-2.4-1.7-2.3 1.7.9-2.7-2.4-1.7h3zm16.5 0l.9 2.8h2.9l-2.4 1.7 1 2.7-2.4-1.7-2.4 1.7 1-2.7-2.4-1.7h2.9zm16.5 0l.9 2.8h2.9l-2.4 1.7 1 2.7-2.4-1.7-2.4 1.7 1-2.7-2.4-1.7H65zm16.4 0l1 2.8H86l-2.3 1.7.9 2.7-2.4-1.7-2.3 1.7.9-2.7-2.4-1.7h3zm-74 7l.8 2.8h3l-2.4 1.7.9 2.7-2.4-1.7L6 24.2l.9-2.7-2.4-1.7h3zm16.4 0l.9 2.8h2.9l-2.3 1.7.9 2.7-2.4-1.7-2.3 1.7.9-2.7-2.4-1.7h2.9zm16.5 0l.9 2.8H45l-2.4 1.7 1 2.7-2.4-1.7-2.4 1.7 1-2.7-2.4-1.7h2.9zm16.4 0l1 2.8h2.8l-2.3 1.7.9 2.7-2.4-1.7-2.3 1.7.9-2.7-2.4-1.7h3zm16.5 0l.9 2.8h2.9l-2.3 1.7.9 2.7-2.4-1.7-2.3 1.7.9-2.7-2.4-1.7h2.9zm16.5 0l.9 2.8h2.9L92 21.5l1 2.7-2.4-1.7-2.4 1.7 1-2.7-2.4-1.7h2.9zm-74.1 7l.9 2.8h2.9l-2.4 1.7 1 2.7-2.4-1.7-2.4 1.7 1-2.7-2.4-1.7h2.9zm16.4 0l1 2.8h2.8l-2.3 1.7.9 2.7-2.4-1.7-2.3 1.7.9-2.7-2.4-1.7h3zm16.5 0l.9 2.8h2.9l-2.3 1.7.9 2.7-2.4-1.7-2.3 1.7.9-2.7-2.4-1.7h2.9zm16.5 0l.9 2.8h2.9l-2.4 1.7 1 2.7-2.4-1.7-2.4 1.7 1-2.7-2.4-1.7H65zm16.4 0l1 2.8H86l-2.3 1.7.9 2.7-2.4-1.7-2.3 1.7.9-2.7-2.4-1.7h3zm-74 7l.8 2.8h3l-2.4 1.7.9 2.7-2.4-1.7L6 38.2l.9-2.7-2.4-1.7h3zm16.4 0l.9 2.8h2.9l-2.3 1.7.9 2.7-2.4-1.7-2.3 1.7.9-2.7-2.4-1.7h2.9zm16.5 0l.9 2.8H45l-2.4 1.7 1 2.7-2.4-1.7-2.4 1.7 1-2.7-2.4-1.7h2.9zm16.4 0l1 2.8h2.8l-2.3 1.7.9 2.7-2.4-1.7-2.3 1.7.9-2.7-2.4-1.7h3zm16.5 0l.9 2.8h2.9l-2.3 1.7.9 2.7-2.4-1.7-2.3 1.7.9-2.7-2.4-1.7h2.9zm16.5 0l.9 2.8h2.9L92 35.5l1 2.7-2.4-1.7-2.4 1.7 1-2.7-2.4-1.7h2.9zm-74.1 7l.9 2.8h2.9l-2.4 1.7 1 2.7-2.4-1.7-2.4 1.7 1-2.7-2.4-1.7h2.9zm16.4 0l1 2.8h2.8l-2.3 1.7.9 2.7-2.4-1.7-2.3 1.7.9-2.7-2.4-1.7h3zm16.5 0l.9 2.8h2.9l-2.3 1.7.9 2.7-2.4-1.7-2.3 1.7.9-2.7-2.4-1.7h2.9zm16.5 0l.9 2.8h2.9l-2.4 1.7 1 2.7-2.4-1.7-2.4 1.7 1-2.7-2.4-1.7H65zm16.4 0l1 2.8H86l-2.3 1.7.9 2.7-2.4-1.7-2.3 1.7.9-2.7-2.4-1.7h3zm-74 7l.8 2.8h3l-2.4 1.7.9 2.7-2.4-1.7L6 52.2l.9-2.7-2.4-1.7h3zm16.4 0l.9 2.8h2.9l-2.3 1.7.9 2.7-2.4-1.7-2.3 1.7.9-2.7-2.4-1.7h2.9zm16.5 0l.9 2.8H45l-2.4 1.7 1 2.7-2.4-1.7-2.4 1.7 1-2.7-2.4-1.7h2.9zm16.4 0l1 2.8h2.8l-2.3 1.7.9 2.7-2.4-1.7-2.3 1.7.9-2.7-2.4-1.7h3zm16.5 0l.9 2.8h2.9l-2.3 1.7.9 2.7-2.4-1.7-2.3 1.7.9-2.7-2.4-1.7h2.9zm16.5 0l.9 2.8h2.9L92 49.5l1 2.7-2.4-1.7-2.4 1.7 1-2.7-2.4-1.7h2.9zm-74.1 7l.9 2.8h2.9l-2.4 1.7 1 2.7-2.4-1.7-2.4 1.7 1-2.7-2.4-1.7h2.9zm16.4 0l1 2.8h2.8l-2.3 1.7.9 2.7-2.4-1.7-2.3 1.7.9-2.7-2.4-1.7h3zm16.5 0l.9 2.8h2.9l-2.3 1.7.9 2.7-2.4-1.7-2.3 1.7.9-2.7-2.4-1.7h2.9zm16.5 0l.9 2.8h2.9l-2.4 1.7 1 2.7-2.4-1.7-2.4 1.7 1-2.7-2.4-1.7H65zm16.4 0l1 2.8H86l-2.3 1.7.9 2.7-2.4-1.7-2.3 1.7.9-2.7-2.4-1.7h3zm-74 7l.8 2.8h3l-2.4 1.7.9 2.7-2.4-1.7L6 66.2l.9-2.7-2.4-1.7h3zm16.4 0l.9 2.8h2.9l-2.3 1.7.9 2.7-2.4-1.7-2.3 1.7.9-2.7-2.4-1.7h2.9zm16.5 0l.9 2.8H45l-2.4 1.7 1 2.7-2.4-1.7-2.4 1.7 1-2.7-2.4-1.7h2.9zm16.4 0l1 2.8h2.8l-2.3 1.7.9 2.7-2.4-1.7-2.3 1.7.9-2.7-2.4-1.7h3zm16.5 0l.9 2.8h2.9l-2.3 1.7.9 2.7-2.4-1.7-2.3 1.7.9-2.7-2.4-1.7h2.9zm16.5 0l.9 2.8h2.9L92 63.5l1 2.7-2.4-1.7-2.4 1.7 1-2.7-2.4-1.7h2.9z' fill='#fff' transform='scale(3.9385)'/>
                    </g>
                  </svg>
                  English (US)
                </div>
              </a>
            </li>
            <li>
              <a class='block py-2 px-4 text-sm text-gray-700 hover:bg-gray-100 dark:text-gray-300 dark:hover:text-white dark:hover:bg-gray-600' href='#' role='menuitem'>
                <div class='inline-flex items-center'>
                  <svg aria-hidden='true' class='h-3.5 w-3.5 rounded-full mr-2' id='flag-icon-css-de' viewBox='0 0 512 512' xmlns='http://www.w3.org/2000/svg'>
                    <path d='M0 341.3h512V512H0z' fill='#ffce00'/>
                    <path d='M0 0h512v170.7H0z'/>
                    <path d='M0 170.7h512v170.6H0z' fill='#d00'/>
                  </svg>
                  Deutsch
                </div>
              </a>
            </li>
            <li>
              <a class='block py-2 px-4 text-sm text-gray-700 hover:bg-gray-100 dark:text-gray-300 dark:hover:text-white dark:hover:bg-gray-600' href='#' role='menuitem'>
                <div class='inline-flex items-center'>
                  <svg aria-hidden='true' class='h-3.5 w-3.5 rounded-full mr-2' id='flag-icon-css-it' viewBox='0 0 512 512' xmlns='http://www.w3.org/2000/svg'>
                    <g fill-rule='evenodd' stroke-width='1pt'>
                      <path d='M0 0h512v512H0z' fill='#fff'/>
                      <path d='M0 0h170.7v512H0z' fill='#009246'/>
                      <path d='M341.3 0H512v512H341.3z' fill='#ce2b37'/>
                    </g>
                  </svg>
                  Italiano
                </div>
              </a>
            </li>
            <li>
              <a class='block py-2 px-4 text-sm text-gray-700 hover:bg-gray-100 dark:hover:text-white dark:text-gray-300 dark:hover:bg-gray-600' href='#' role='menuitem'>
                <div class='inline-flex items-center'>
                  <svg aria-hidden='true' class='h-3.5 w-3.5 rounded-full mr-2' id='flag-icon-css-cn' viewBox='0 0 512 512' xmlns='http://www.w3.org/2000/svg' xmlns:xlink='http://www.w3.org/1999/xlink'>
                    <defs>
                      <path d='M1-.3L-.7.8 0-1 .6.8-1-.3z' fill='#ffde00' id='a'/>
                    </defs>
                    <path d='M0 0h512v512H0z' fill='#de2910'/>
                    <use height='20' transform='matrix(76.8 0 0 76.8 128 128)' width='30' xlink:href='#a'/>
                    <use height='20' transform='rotate(-121 142.6 -47) scale(25.5827)' width='30' xlink:href='#a'/>
                    <use height='20' transform='rotate(-98.1 198 -82) scale(25.6)' width='30' xlink:href='#a'/>
                    <use height='20' transform='rotate(-74 272.4 -114) scale(25.6137)' width='30' xlink:href='#a'/>
                    <use height='20' transform='matrix(16 -19.968 19.968 16 256 230.4)' width='30' xlink:href='#a'/>
                  </svg>
                  中文 (繁體)
                </div>
              </a>
            </li>
          </ul>
        </div>
      </div>
    </aside>

    <main class='p-4 md:ml-64 h-auto pt-20'>
<b:section class='my-5' id='main' showaddelement='true'>
  <b:widget cond='data:view.isHomepage' id='HTML1' locked='false' title='Landing Page' type='HTML' version='2' visible='true'>
    <b:widget-settings>
      <b:widget-setting name='content'><![CDATA[<section class="bg-white dark:bg-gray-900">
    <div class="py-8 px-4 mx-auto max-w-screen-md text-center lg:py-16 lg:px-12">
        <svg class="mx-auto mb-4 w-10 h-10 text-gray-400" xmlns="http://www.w3.org/2000/svg" viewbox="0 0 512 512"><path fill="currentColor" d="M331.8 224.1c28.29 0 54.88 10.99 74.86 30.97l19.59 19.59c40.01-17.74 71.25-53.3 81.62-96.65c5.725-23.92 5.34-47.08 .2148-68.4c-2.613-10.88-16.43-14.51-24.34-6.604l-68.9 68.9h-75.6V97.2l68.9-68.9c7.912-7.912 4.275-21.73-6.604-24.34c-21.32-5.125-44.48-5.51-68.4 .2148c-55.3 13.23-98.39 60.22-107.2 116.4C224.5 128.9 224.2 137 224.3 145l82.78 82.86C315.2 225.1 323.5 224.1 331.8 224.1zM384 278.6c-23.16-23.16-57.57-27.57-85.39-13.9L191.1 158L191.1 95.99l-127.1-95.99L0 63.1l96 127.1l62.04 .0077l106.7 106.6c-13.67 27.82-9.251 62.23 13.91 85.39l117 117.1c14.62 14.5 38.21 14.5 52.71-.0016l52.75-52.75c14.5-14.5 14.5-38.08-.0016-52.71L384 278.6zM227.9 307L168.7 247.9l-148.9 148.9c-26.37 26.37-26.37 69.08 0 95.45C32.96 505.4 50.21 512 67.5 512s34.54-6.592 47.72-19.78l119.1-119.1C225.5 352.3 222.6 329.4 227.9 307zM64 472c-13.25 0-24-10.75-24-24c0-13.26 10.75-24 24-24S88 434.7 88 448C88 461.3 77.25 472 64 472z"/></path></svg>
        <h1 class="mb-4 text-4xl font-bold tracking-tight leading-none text-gray-900 lg:mb-6 md:text-5xl xl:text-6xl dark:text-white">Under Maintenance</h1>
        <p class="font-light text-gray-500 md:text-lg xl:text-xl dark:text-gray-400">Our Enterprise administrators are performing scheduled maintenance.</p>
    </div>
</section>]]></b:widget-setting>
    </b:widget-settings>
    <b:includable id='main'>
  <div class='widget-content'>
    <data:content/>
  </div>
</b:includable>
  </b:widget>
  <b:widget cond='!data:view.isHomepage' id='Blog1' locked='true' title='Postingan Blog' type='Blog' version='2' visible='true'>
    <b:widget-settings>
      <b:widget-setting name='showDateHeader'>false</b:widget-setting>
      <b:widget-setting name='style.textcolor'>#ffffff</b:widget-setting>
      <b:widget-setting name='showShareButtons'>true</b:widget-setting>
      <b:widget-setting name='showCommentLink'>true</b:widget-setting>
      <b:widget-setting name='style.urlcolor'>#ffffff</b:widget-setting>
      <b:widget-setting name='showAuthor'>false</b:widget-setting>
      <b:widget-setting name='style.linkcolor'>#ffffff</b:widget-setting>
      <b:widget-setting name='style.unittype'>TextAndImage</b:widget-setting>
      <b:widget-setting name='style.bgcolor'>#ffffff</b:widget-setting>
      <b:widget-setting name='timestampLabel'/>
      <b:widget-setting name='reactionsLabel'/>
      <b:widget-setting name='showAuthorProfile'>false</b:widget-setting>
      <b:widget-setting name='style.layout'>1x1</b:widget-setting>
      <b:widget-setting name='showLabels'>true</b:widget-setting>
      <b:widget-setting name='showLocation'>true</b:widget-setting>
      <b:widget-setting name='postLabelsLabel'/>
      <b:widget-setting name='showTimestamp'>true</b:widget-setting>
      <b:widget-setting name='postsPerAd'>3</b:widget-setting>
      <b:widget-setting name='showBacklinks'>false</b:widget-setting>
      <b:widget-setting name='style.bordercolor'>#ffffff</b:widget-setting>
      <b:widget-setting name='showInlineAds'>true</b:widget-setting>
      <b:widget-setting name='showReactions'>false</b:widget-setting>
    </b:widget-settings>
    <b:includable id='main' var='this'>
     
  <div class='blog-posts hfeed container'>
    <b:loop index='i' values='data:posts' var='post'>
      <b:include data='post' name='postCommentsAndAd'/>
    </b:loop>
  </div>
  <b:include cond='data:view.isMultipleItems' name='postPagination'/>
</b:includable>
    <b:includable id='aboutPostAuthor'>
  <div class='author-name'>
    <a class='g-profile' expr:href='data:post.author.profileUrl' rel='author' title='author profile'>
      <span>
        <data:post.author.name/>
      </span>
    </a>
  </div>
  <div>
    <span class='author-desc'>
      <data:post.author.aboutMe/>
    </span>
  </div>
</b:includable>
    <b:includable id='addComments'>
  <a expr:href='data:post.commentsUrl' expr:onclick='data:post.commentsUrlOnclick'>
    <b:message name='messages.postAComment'/>
  </a>
</b:includable>
    <b:includable id='blogThisShare'>
  <b:with value='&quot;window.open(this.href, \&quot;_blank\&quot;, \&quot;height=270,width=475\&quot;); return false;&quot;' var='onclick'>
    <b:include name='platformShare'/>
  </b:with>
</b:includable>
    <b:includable id='bylineByName' var='byline'>
  <b:switch var='data:byline.name'>
  <b:case value='share'/>
    <b:include cond='data:post.shareUrl' name='postShareButtons'/>
  <b:case value='comments'/>
    <b:include cond='data:post.allowComments' name='postCommentsLink'/>
  <b:case value='location'/>
    <b:include cond='data:post.location' name='postLocation'/>
  <b:case value='timestamp'/>
    <b:include cond='not data:view.isPage' name='postTimestamp'/>
  <b:case value='author'/>
    <b:include name='postAuthor'/>
  <b:case value='labels'/>
    <b:include cond='data:post.labels' name='postLabels'/>
  <b:case value='icons'/>
    <b:include cond='data:post.emailPostUrl' name='emailPostIcon'/>
  </b:switch>
</b:includable>
    <b:includable id='bylineRegion' var='regionItems'>
  <b:loop values='data:regionItems' var='byline'>
    <b:include data='byline' name='bylineByName'/>
  </b:loop>
</b:includable>
    <b:includable id='commentAuthorAvatar'>
  <div class='avatar-image-container'>
    <img class='author-avatar' expr:src='data:comment.authorAvatarSrc' height='35' width='35'/>
  </div>
</b:includable>
    <b:includable id='commentDeleteIcon' var='comment'>
  <span expr:class='&quot;item-control &quot; + data:comment.adminClass'>
    <b:if cond='data:showCmtPopup'>
      <div class='goog-toggle-button'>
        <div class='goog-inline-block comment-action-icon'/>
      </div>
    <b:else/>
      <a class='comment-delete' expr:href='data:comment.deleteUrl' expr:title='data:messages.deleteComment'>
        <img src='https://resources.blogblog.com/img/icon_delete13.gif'/>
      </a>
    </b:if>
  </span>
</b:includable>
    <b:includable id='commentForm' var='post'>
  <div class='comment-form'>
    <a name='comment-form'/>
    <h4 id='comment-post-message'><data:messages.postAComment/></h4>
    <b:if cond='data:this.messages.blogComment != &quot;&quot;'>
      <p><data:this.messages.blogComment/></p>
    </b:if>
    <b:include data='post' name='commentFormIframeSrc'/>
    <iframe allowtransparency='allowtransparency' class='blogger-iframe-colorize blogger-comment-from-post' expr:height='data:cmtIframeInitialHeight ?: &quot;90px&quot;' frameborder='0' id='comment-editor' name='comment-editor' src='' width='100%'/>
    <data:post.cmtfpIframe/>
    <script type='text/javascript'>
      BLOG_CMT_createIframe(&#39;<data:post.appRpcRelayPath/>&#39;);
    </script>
  </div>
</b:includable>
    <b:includable id='commentFormIframeSrc' var='post'>
  <a expr:href='data:post.commentFormIframeSrc' id='comment-editor-src'/>
</b:includable>
    <b:includable id='commentItem' var='comment'>
  <div class='comment' expr:id='&quot;c&quot; + data:comment.id'>
    <b:include cond='data:blog.enabledCommentProfileImages' name='commentAuthorAvatar'/>

    <div class='comment-block'>
      <div class='comment-author'>
        <b:if cond='data:comment.authorUrl'>
          <b:message name='messages.authorSaidWithLink'>
            <b:param expr:value='data:comment.author' name='authorName'/>
            <b:param expr:value='data:comment.authorUrl' name='authorUrl'/>
          </b:message>
        <b:else/>
          <b:message name='messages.authorSaid'>
            <b:param expr:value='data:comment.author' name='authorName'/>
          </b:message>
        </b:if>
      </div>
      <div expr:class='&quot;comment-body&quot; + (data:comment.isDeleted ? &quot; deleted&quot; : &quot;&quot;)'>
        <data:comment.body/>
      </div>
      <div class='comment-footer'>
        <span class='comment-timestamp'>
          <a expr:href='data:comment.url' title='comment permalink'>
            <data:comment.timestamp/>
          </a>
          <b:include data='comment' name='commentDeleteIcon'/>
        </span>
      </div>
    </div>
  </div>
</b:includable>
    <b:includable id='commentList' var='comments'>
  <div id='comments-block'>
    <b:loop values='data:comments' var='comment'>
      <b:include data='comment' name='commentItem'/>
    </b:loop>
  </div>
</b:includable>
    <b:includable id='commentPicker' var='post'>
  <b:if cond='data:post.showThreadedComments'>
    <b:include data='post' name='threadedComments'/>
  <b:else/>
    <b:include data='post' name='comments'/>
  </b:if>
</b:includable>
    <b:includable id='comments' var='post'>
  <section expr:class='&quot;comments&quot; + (data:post.embedCommentForm ? &quot; embed&quot; : &quot;&quot;)' expr:data-num-comments='data:post.numberOfComments' id='comments'>
    <a name='comments'/>
    <b:if cond='data:post.allowComments'>

      <b:include name='commentsTitle'/>

      <div expr:id='data:widget.instanceId + &quot;_comments-block-wrapper&quot;'>
        <b:include cond='data:post.comments' data='post.comments' name='commentList'/>
      </div>

      <b:if cond='data:post.commentPagingRequired'>
        <div class='paging-control-container'>
          <b:if cond='data:post.hasOlderLinks'>
            <a expr:class='data:post.oldLinkClass' expr:href='data:post.oldestLinkUrl'>
              <data:messages.oldest/>
            </a>
            <a expr:class='data:post.oldLinkClass' expr:href='data:post.olderLinkUrl'>
              <data:messages.older/>
            </a>
          </b:if>

          <span class='comment-range-text'>
            <data:post.commentRangeText/>
          </span>

          <b:if cond='data:post.hasNewerLinks'>
            <a expr:class='data:post.newLinkClass' expr:href='data:post.newerLinkUrl'>
              <data:messages.newer/>
            </a>
            <a expr:class='data:post.newLinkClass' expr:href='data:post.newestLinkUrl'>
              <data:messages.newest/>
            </a>
          </b:if>
        </div>
      </b:if>

      <div class='footer'>
        <b:if cond='data:post.embedCommentForm'>
          <b:if cond='data:post.allowNewComments'>
            <b:include data='post' name='commentForm'/>
          <b:else/>
            <data:post.noNewCommentsText/>
          </b:if>
        <b:else/>
          <b:if cond='data:post.allowComments'>
            <b:include data='post' name='addComments'/>
          </b:if>
        </b:if>
      </div>
    </b:if>
    <b:if cond='data:showCmtPopup'>
      <div id='comment-popup'>
        <iframe allowtransparency='allowtransparency' frameborder='0' id='comment-actions' name='comment-actions' scrolling='no'>
        </iframe>
      </div>
    </b:if>
  </section>
</b:includable>
    <b:includable id='commentsLink'>
  <a class='comment-link' expr:href='data:post.commentsUrl' expr:onclick='data:post.commentsUrlOnclick'>
    <b:if cond='data:post.numberOfComments &gt; 0'>
      <b:message name='messages.numberOfComments'>
        <b:param expr:value='data:post.numberOfComments' name='numComments'/>
      </b:message>
    <b:else/>
      <data:messages.postAComment/>
    </b:if>
  </a>
</b:includable>
    <b:includable id='commentsLinkIframe'>
  <!-- G+ comments, no longer available. The includable is retained for backwards-compatibility. -->
</b:includable>
    <b:includable id='commentsTitle'>
  <h3 class='title'><data:messages.comments/></h3>
</b:includable>
    <b:includable id='defaultAdUnit'>
  <ins class='adsbygoogle' data-ad-format='auto' expr:data-ad-client='data:adClientId ?: data:blog.adsenseClientId' expr:data-ad-host='data:blog.adsenseHostId' expr:style='data:style ?: &quot;display: block;&quot;'>
    <b:attr cond='not data:blog.analytics4' expr:value='data:blog.analyticsAccountNumber' name='data-analytics-uacct'/>
  </ins>
  <script>
   (adsbygoogle = window.adsbygoogle || []).push({});
  </script>
</b:includable>
    <b:includable id='emailPostIcon'>
  <span class='byline post-icons'>
    <!-- email post links -->
    <span class='item-action'>
      <a expr:href='data:post.emailPostUrl' expr:title='data:messages.emailPost'>
        <b:include data='{ iconClass: &quot;touch-icon sharing-icon&quot; }' name='emailIcon'/>
      </a>
    </span>
  </span>
</b:includable>
    <b:includable id='facebookShare'>
  <b:with value='&quot;window.open(this.href, \&quot;_blank\&quot;, \&quot;height=430,width=640\&quot;); return false;&quot;' var='onclick'>
    <b:include name='platformShare'/>
  </b:with>
</b:includable>
    <b:includable id='feedLinks'>
  <b:if cond='!data:view.isPost'> <!-- Blog feed links -->
    <b:if cond='data:feedLinks'>
      <div class='blog-feeds'>
        <b:include data='feedLinks' name='feedLinksBody'/>
      </div>
    </b:if>
  <b:else/> <!--Post feed links -->
    <div class='post-feeds'>
      <b:loop values='data:posts' var='post'>
        <b:if cond='data:post.allowComments and data:post.feedLinks'>
          <b:include data='post.feedLinks' name='feedLinksBody'/>
        </b:if>
      </b:loop>
    </div>
  </b:if>
</b:includable>
    <b:includable id='feedLinksBody' var='links'>
  <div class='feed-links'>
  <data:messages.subscribeTo/>
  <b:loop values='data:links' var='f'>
     <a class='feed-link' expr:href='data:f.url' expr:type='data:f.mimeType' target='_blank'><data:f.name/> (<data:f.feedType/>)</a>
  </b:loop>
  </div>
</b:includable>
    <b:includable id='footerBylines'>
  <b:if cond='data:widgets.Blog.first.footerBylines'>
    <b:loop index='i' values='data:widgets.Blog.first.footerBylines' var='region'>
      <b:if cond='not data:region.items.empty'>
        <div expr:class='&quot;post-footer-line post-footer-line-&quot; + (data:i + 1)'>
          <b:with value='&quot;footer-&quot; + (data:i + 1)' var='regionName'>
            <b:include data='region.items' name='bylineRegion'/>
          </b:with>
        </div>
      </b:if>
    </b:loop>
  </b:if>
</b:includable>
    <b:includable id='googlePlusShare'>
</b:includable>
    <b:includable id='headerByline'>
  <b:if cond='data:widgets.Blog.first.headerByline'>
    <div class='post-header'>
      <div class='post-header-line-1'>
        <b:with value='&quot;header-1&quot;' var='regionName'>
          <b:include data='data:widgets.Blog.first.headerByline.items' name='bylineRegion'/>
        </b:with>
      </div>
    </div>
  </b:if>
</b:includable>
    <b:includable id='homePageLink'>
  <a class='home-link' expr:href='data:blog.homepageUrl'>
    <data:messages.home/>
  </a>
</b:includable>
    <b:includable id='iframeComments' var='post'>
  <!-- G+ comments, no longer available. The includable is retained for backwards-compatibility. -->
</b:includable>
    <b:includable id='inlineAd' var='post'>
  <b:if cond='!data:view.isPreview'>
    <b:if cond='data:this.adCode or data:this.adClientId or data:blog.adsenseClientId'>
      <!-- Ad -->
      <div class='inline-ad'>
        <b:if cond='data:this.adCode != &quot;&quot;'>
          <data:this.adCode/>
        <b:else/>
          <b:include cond='data:this.adClientId or data:blog.adsenseClientId' name='defaultAdUnit'/>
        </b:if>
      </div>
    </b:if>
  <b:else/>
    <div class='inline-ad'>
      <div class='inline-ad-placeholder'>
        <span><b:message name='messages.adsGoHere'/></span>
      </div>
    </div>
  </b:if>
</b:includable>
    <b:includable id='linkShare'>
  <b:with value='&quot;window.prompt(\&quot;Copy to clipboard: Ctrl+C, Enter\&quot;, \&quot;&quot; + data:originalUrl + &quot;\&quot;); return false;&quot;' var='onclick'>
    <b:include name='platformShare'/>
  </b:with>
</b:includable>
    <b:includable id='nextPageLink'>
  <a class='blog-pager-older-link' expr:href='data:olderPageUrl' expr:id='data:widget.instanceId + &quot;_blog-pager-older-link&quot;' expr:title='data:messages.olderPosts'>
    <data:messages.olderPosts/>
  </a>
</b:includable>
    <b:includable id='otherSharingButton'>
  <span class='sharing-platform-button sharing-element-other' expr:aria-label='data:messages.shareToOtherApps.escaped' expr:data-url='data:originalUrl' expr:title='data:messages.shareToOtherApps.escaped' role='menuitem' tabindex='-1'>
    <b:with value='{key: &quot;sharingOther&quot;}' var='platform'>
      <b:include name='sharingPlatformIcon'/>
    </b:with>
    <span class='platform-sharing-text'><data:messages.shareOtherApps.escaped/></span>
  </span>
</b:includable>
    <b:includable id='platformShare'>
  <a expr:class='&quot;goog-inline-block sharing-&quot; + data:platform.key' expr:data-url='data:originalUrl' expr:href='data:shareUrl + &quot;&amp;target=&quot; + data:platform.target' expr:onclick='data:onclick ? data:onclick : &quot;&quot;' expr:title='data:platform.shareMessage' target='_blank'>
    <span class='share-button-link-text'>
      <data:platform.shareMessage/>
    </span>
  </a>
</b:includable>
    <b:includable id='post' var='post'>
  <div class='post'>
    <b:include data='post' name='postMeta'/>
    <b:if cond='data:view.isSingleItem'>
      <b:include data='post' name='postBody'/>
    <b:else/>
      <b:include data='post' name='postBodySnippet'/>
      <b:include data='post' name='postJumpLink'/>
    </b:if>
  </div>
</b:includable>
    <b:includable id='postAuthor'>
  <span class='byline post-author vcard'>
    <span class='post-author-label'>
      <data:byline.label/>
    </span>
    <span class='fn'>
      <b:if cond='data:post.author.profileUrl'>
        <meta expr:content='data:post.author.profileUrl'/>
        <a class='g-profile' expr:href='data:post.author.profileUrl' rel='author' title='author profile'>
          <span><data:post.author.name/></span>
        </a>
      <b:else/>
        <span><data:post.author.name/></span>
      </b:if>
    </span>
  </span>
</b:includable>
    <b:includable id='postBody' var='post'>
  <!-- If metaDescription is empty, use the post body as the schema.org description too, for G+/FB snippeting. -->
  <div class='post-body entry-content float-container' expr:id='&quot;post-body-&quot; + data:post.id'>
    <data:post.body/>
  </div>
</b:includable>
    <b:includable id='postBodySnippet' var='post'>
  
</b:includable>
    <b:includable id='postCommentsAndAd' var='post'>
  <article class='post-outer-container'>
    <!-- Post title and body -->
    <b:tag class='mb-4 grid gap-4 sm:grid-cols-2 md:mb-8 lg:grid-cols-3 xl:grid-cols-4' cond='data:view.isMultipleItems' name='div'>
      <b:include cond='data:view.isSingleItem' data='post' name='post'/>
      <b:include cond='data:view.isMultipleItems' data='post' name='postBodySnippet'/>
    </b:tag>

    <!-- Show ad inside post container, after comments, if single item. -->
    <b:include cond='data:view.isSingleItem and data:post.includeAd' data='post' name='inlineAd'/>
  </article>

  <!-- Show ad outside post container (between posts) for feed pages. -->
  <b:include cond='data:view.isMultipleItems and data:post.includeAd' data='post' name='inlineAd'/>
</b:includable>
    <b:includable id='postCommentsLink'>
  <b:if cond='data:view.isMultipleItems'>
    <span class='byline post-comment-link container'>
      <b:include cond='data:post.commentSource != 1' name='commentsLink'/>
    </span>
  </b:if>
</b:includable>
    <b:includable id='postFooter' var='post'>
  <div class='post-footer'>
    <b:include name='footerBylines'/>
    <b:include data='post' name='postFooterAuthorProfile'/>
  </div>
</b:includable>
    <b:includable id='postFooterAuthorProfile' var='post'>
  <b:if cond='data:post.author.aboutMe and data:view.isPost'>
    <div class='author-profile'>
      <b:if cond='data:post.author.authorPhoto.url'>
        <img class='author-image' expr:src='data:post.author.authorPhoto.url' width='50px'/>
        <div class='author-about'>
          <b:include data='post' name='aboutPostAuthor'/>
        </div>
      <b:else/>
        <b:include data='post' name='aboutPostAuthor'/>
      </b:if>
    </div>
  </b:if>
</b:includable>
    <b:includable id='postHeader' var='post'>
  <b:include name='headerByline'/>
</b:includable>
    <b:includable id='postJumpLink' var='post'>
  <div class='jump-link flat-button'>
    <a expr:href='data:post.url fragment &quot;more&quot;' expr:title='data:post.title'>
      <b:eval expr='data:blog.jumpLinkMessage'/>
    </a>
  </div>
</b:includable>
    <b:includable id='postLabels'>
  <span class='byline post-labels'>
    <span class='byline-label'><data:byline.label/></span>
    <b:loop index='i' values='data:post.labels' var='label'>
      <a expr:href='data:label.url' rel='tag'>
        <data:label.name/>
      </a>
    </b:loop>
  </span>
</b:includable>
    <b:includable id='postLocation'>
  <span class='byline post-location'>
    <data:byline.label/>
    <a expr:href='data:post.location.mapsUrl' target='_blank'><data:post.location.name/></a>
  </span>
</b:includable>
    <b:includable id='postMeta' var='post'>
  <b:include data='post' name='postMetadataJSON'/>
</b:includable>
    <b:includable id='postMetadataJSONImage'>
  &quot;image&quot;: {
    &quot;@type&quot;: &quot;ImageObject&quot;,
    <b:if cond='data:post.featuredImage.isResizable'>
    &quot;url&quot;: &quot;<b:eval expr='resizeImage(data:post.featuredImage, 1200, &quot;1200:630&quot;)'/>&quot;,
    &quot;height&quot;: 630,
    &quot;width&quot;: 1200
    <b:else/>
    &quot;url&quot;: &quot;https://blogger.googleusercontent.com/img/b/U2hvZWJveA/AVvXsEgfMvYAhAbdHksiBA24JKmb2Tav6K0GviwztID3Cq4VpV96HaJfy0viIu8z1SSw_G9n5FQHZWSRao61M3e58ImahqBtr7LiOUS6m_w59IvDYwjmMcbq3fKW4JSbacqkbxTo8B90dWp0Cese92xfLMPe_tg11g/w1200/&quot;,
    &quot;height&quot;: 348,
    &quot;width&quot;: 1200
    </b:if>
  },
</b:includable>
    <b:includable id='postMetadataJSONPublisher'>
 &quot;publisher&quot;: {
    &quot;@type&quot;: &quot;Organization&quot;,
    &quot;name&quot;: &quot;Blogger&quot;,
    &quot;logo&quot;: {
      &quot;@type&quot;: &quot;ImageObject&quot;,
      &quot;url&quot;: &quot;https://blogger.googleusercontent.com/img/b/U2hvZWJveA/AVvXsEgfMvYAhAbdHksiBA24JKmb2Tav6K0GviwztID3Cq4VpV96HaJfy0viIu8z1SSw_G9n5FQHZWSRao61M3e58ImahqBtr7LiOUS6m_w59IvDYwjmMcbq3fKW4JSbacqkbxTo8B90dWp0Cese92xfLMPe_tg11g/h60/&quot;,
      &quot;width&quot;: 206,
      &quot;height&quot;: 60
    }
  },
</b:includable>
    <b:includable id='postPagination'>
  <div class='blog-pager container' id='blog-pager'>
    <b:include cond='data:newerPageUrl' name='previousPageLink'/>
    <b:include cond='data:olderPageUrl' name='nextPageLink'/>
    <b:include cond='data:view.url != data:blog.homepageUrl' name='homePageLink'/>
  </div>
</b:includable>
    <b:includable id='postReactions'>
  <!-- Reaction feature no longer available. The includable is retained for backwards-compatibility. -->
</b:includable>
    <b:includable id='postShareButtons'>
  <div class='byline post-share-buttons goog-inline-block'>
    <b:with value='data:sharingId ?: ((data:widget.instanceId ?: &quot;sharing&quot;) + &quot;-&quot; + (data:regionName ?: &quot;byline&quot;) + &quot;-&quot; + data:post.id)' var='sharingId'>
      <!-- Note: 'sharingButtons' includable is from the default Sharing widget markup. -->
      <b:include data='{                                                sharingId: data:sharingId,                                                originalUrl: data:post.url,                                                platforms: data:this.sharing.platforms,                                                shareUrl: data:post.shareUrl,                                                shareTitle: data:post.title,                                              }' name='sharingButtons'/>
    </b:with>
  </div>
</b:includable>
    <b:includable id='postTimestamp'>
  <span class='byline post-timestamp'>
    <data:byline.label/>
    <b:if cond='data:post.url'>
      <meta expr:content='data:post.url.canonical'/>
      <a class='timestamp-link' expr:href='data:post.url' rel='bookmark' title='permanent link'>
        <time class='published' expr:datetime='data:post.date.iso8601' expr:title='data:post.date.iso8601'>
          <data:post.date/>
        </time>
      </a>
    </b:if>
  </span>
</b:includable>
    <b:includable id='postTitle' var='post'>
  <a expr:name='data:post.id'/>
  <b:if cond='data:post.title != &quot;&quot;'>
    <h3 class='post-title entry-title'>
      <b:if cond='data:post.link or (data:post.url and data:view.url != data:post.url)'>
        <a expr:href='data:post.link ?: data:post.url'><data:post.title/></a>
      <b:else/>
        <data:post.title/>
      </b:if>
    </h3>
  </b:if>
</b:includable>
    <b:includable id='previousPageLink'>
  <a class='blog-pager-newer-link' expr:href='data:newerPageUrl' expr:id='data:widget.instanceId + &quot;_blog-pager-newer-link&quot;' expr:title='data:messages.newerPosts'>
    <data:messages.newerPosts/>
  </a>
</b:includable>
    <b:includable id='sharingButton'>
  <span expr:aria-label='data:platform.shareMessage' expr:class='&quot;sharing-platform-button sharing-element-&quot; + data:platform.key' expr:data-href='data:shareUrl + &quot;&amp;target=&quot; + data:platform.target' expr:data-url='data:originalUrl' expr:title='data:platform.shareMessage' role='menuitem' tabindex='-1'>
    <b:include name='sharingPlatformIcon'/>
    <span class='platform-sharing-text'><data:platform.name/></span>
  </span>
</b:includable>
    <b:includable id='sharingButtonContent'>
  <div class='flat-icon-button ripple'>
    <b:include name='shareIcon'/>
  </div>
</b:includable>
    <b:includable id='sharingButtons'>
  <div class='sharing' expr:aria-owns='&quot;sharing-popup-&quot; + data:sharingId' expr:data-title='data:shareTitle'>
    <button class='sharing-button touch-icon-button' expr:aria-controls='&quot;sharing-popup-&quot; + data:sharingId' expr:aria-label='data:messages.share.escaped' expr:id='&quot;sharing-button-&quot; + data:sharingId' role='button'>
      <b:include name='sharingButtonContent'/>
    </button>
    <b:include name='sharingButtonsMenu'/>
  </div>
</b:includable>
    <b:includable id='sharingButtonsMenu'>
  <div class='share-buttons-container'>
    <ul aria-hidden='true' class='share-buttons hidden' expr:aria-label='data:messages.share.escaped' expr:id='&quot;sharing-popup-&quot; + data:sharingId' role='menu'>
      <b:loop values='(data:platforms ?: data:blog.sharing.platforms) filter (p =&gt; p.key not in {&quot;blogThis&quot;})' var='platform'>
        <li>
          <b:include name='sharingButton'/>
        </li>
      </b:loop>
      <li aria-hidden='true' class='hidden'>
        <b:include name='otherSharingButton'/>
      </li>
    </ul>
  </div>
</b:includable>
    <b:includable id='sharingPlatformIcon'>
  <b:include data='{ iconClass: (&quot;touch-icon sharing-&quot; + data:platform.key) }' expr:name='data:platform.key + &quot;Icon&quot;'/>
</b:includable>
    <b:includable id='threadedCommentForm' var='post'>
  <div class='comment-form'>
    <a name='comment-form'/>
    <h4 id='comment-post-message'><data:messages.postAComment/></h4>
    <b:if cond='data:this.messages.blogComment != &quot;&quot;'>
      <p><data:this.messages.blogComment/></p>
    </b:if>
    <b:include data='post' name='commentFormIframeSrc'/>
    <iframe allowtransparency='allowtransparency' class='blogger-iframe-colorize blogger-comment-from-post' expr:height='data:cmtIframeInitialHeight ?: &quot;90px&quot;' frameborder='0' id='comment-editor' name='comment-editor' src='' width='100%'/>
    <data:post.cmtfpIframe/>
    <script type='text/javascript'>
      BLOG_CMT_createIframe(&#39;<data:post.appRpcRelayPath/>&#39;);
    </script>
  </div>
</b:includable>
    <b:includable id='threadedCommentJs' var='post'>
  <script async='async' expr:src='data:post.commentSrc' type='text/javascript'/>
  <b:template-script inline='true' name='threaded_comments'/>
  <script type='text/javascript'>
    blogger.widgets.blog.initThreadedComments(
        <data:post.commentJso/>,
        <data:post.commentMsgs/>,
        <data:post.commentConfig/>);
  </script>
</b:includable>
    <b:includable id='threadedComments' var='post'>
  <section class='comments threaded' expr:data-embed='data:post.embedCommentForm' expr:data-num-comments='data:post.numberOfComments' id='comments'>
    <a name='comments'/>

    <b:include name='commentsTitle'/>

    <div class='comments-content'>
      <b:if cond='data:post.embedCommentForm'>
        <b:include data='post' name='threadedCommentJs'/>
      </b:if>
      <div id='comment-holder'>
         <data:post.commentHtml/>
      </div>
    </div>

    <p class='comment-footer'>
      <b:if cond='data:post.allowNewComments'>
        <b:include data='post' name='threadedCommentForm'/>
      <b:else/>
        <data:post.noNewCommentsText/>
      </b:if>
      <b:if cond='data:post.showManageComments'>
        <b:include data='post' name='manageComments'/>
      </b:if>
    </p>

    <b:if cond='data:showCmtPopup'>
      <div id='comment-popup'>
        <iframe allowtransparency='allowtransparency' frameborder='0' id='comment-actions' name='comment-actions' scrolling='no'>
        </iframe>
      </div>
    </b:if>
  </section>
</b:includable>
  </b:widget>
</b:section>
    </main>

  <!--  include via CDN for turbo support -->
  <script src='https://cdn.jsdelivr.net/npm/flowbite@2.5.2/dist/flowbite.turbo.min.js'/>

  <!-- include via CDN without turbo support -->
  <script src='https://cdn.jsdelivr.net/npm/flowbite@2.5.2/dist/flowbite.min.js'/>

  </body>
</html>
